{
  "project_info": {
    "project_number": "75385365677",
    "project_id": "demo204",
    "storage_bucket": "demo204.appspot.com"
  },
  "client": [
    {
      "client_info": {
        "mobilesdk_app_id": "1:75385365677:android:90271b301189a06911d224",
        "android_client_info": {
          "package_name": "com.example.buoi1"
        }
      },
      "oauth_client": [],
      "api_key": [
        {
          "current_key": "AIzaSyAdW5nHvpTFSTJB_hgbR_aJAvai2adlC50"
        }
      ],
      "services": {
        "appinvite_service": {
          "other_platform_oauth_client": []
        }
      }
    }
  ],
  "configuration_version": "1"
}